{
    "resend": [
        {
            "id": "stackoverflow-78276988",
            "title": "Resend email doesn't work in production environment with Next.js, but works in development",
            "category": "deployment",
            "description": "Works perfectly in localhost but fails in Vercel production. Environment variables (RESEND_API_KEY) not being read correctly in production deployment.",
            "frequency": 23,
            "sources": [
                "https://stackoverflow.com/questions/78276988/resend-email-doesnt-work-in-production-environement-with-next-js-but-works-in"
            ],
            "lastSeen": "2025-12-15",
            "severity": "high",
            "relatedPages": [
                "/docs/api-reference/emails/send-email",
                "/docs/api-reference/api-keys/create-api-key"
            ]
        },
        {
            "id": "stackoverflow-78448480",
            "title": "Resend API works perfect in localhost but not on my Netlify website",
            "category": "deployment",
            "description": "Getting 500 error when deployed to Netlify. API KEY obtained from import.meta.env.API_RESEND works locally but fails in production.",
            "frequency": 18,
            "sources": [
                "https://stackoverflow.com/questions/78448480/resend-api-works-perfect-in-localhost-but-not-on-my-netlify-website"
            ],
            "lastSeen": "2025-12-10",
            "severity": "high",
            "relatedPages": [
                "/docs/api-reference/emails/send-email",
                "/docs/api-reference/api-keys/create-api-key",
                "/docs/dashboard/api-keys/introduction"
            ]
        },
        {
            "id": "stackoverflow-gmail-spam",
            "title": "Gmail marks transactional emails as 'suspicious or spam' despite proper DNS configuration",
            "category": "email-delivery",
            "description": "Transactional emails sent through Resend/React Email are being flagged by Gmail. DNS configuration and verification are properly set up but images are hidden and emails marked suspicious.",
            "frequency": 27,
            "sources": [
                "https://stackoverflow.com/questions/79263315/images-in-this-message-are-hidden-this-message-might-be-suspicious-or-spam-i"
            ],
            "lastSeen": "2025-12-28",
            "severity": "high",
            "relatedPages": [
                "/docs/dashboard/domains/introduction",
                "/docs/api-reference/domains/create-domain",
                "/docs/send-with-resend/deliverability"
            ]
        },
        {
            "id": "stackoverflow-nextjs-server-actions",
            "title": "Email not being sent with NextJS server actions with Resend.com",
            "category": "api-usage",
            "description": "NextJS 13.5.1 with server actions enabled. Form submission should send email but fails silently. No clear error messages in production.",
            "frequency": 15,
            "sources": [
                "https://stackoverflow.com/questions/78946618/why-email-not-being-sent-with-nextjs-server-actions-with-resend-com"
            ],
            "lastSeen": "2025-12-20",
            "severity": "medium",
            "relatedPages": [
                "/docs/api-reference/emails/send-email",
                "/docs/send-with-nextjs"
            ]
        },
        {
            "id": "github-react-email-1354",
            "title": "Email dev directory links broken in React Email",
            "category": "documentation",
            "description": "Development environment links in React Email templates are broken. Affects local development workflow when building email templates.",
            "frequency": 12,
            "sources": [
                "https://github.com/resend/react-email/issues/1354"
            ],
            "lastSeen": "2025-11-15",
            "severity": "medium",
            "relatedPages": [
                "/docs/send-with-react-email",
                "/docs/api-reference/emails/send-email"
            ]
        }
    ],
    "liveblocks": [
        {
            "id": "stackoverflow-79194531",
            "title": "Can't modify storage LiveObject while using liveblocks - set method not working",
            "category": "api-usage",
            "description": "Developer unable to modify LiveObject storage using the set() method inside useMutation hook. Getting 'TypeError: thisCentralCard.set is not a function' error despite following the official Liveblocks storage tutorial. The get() method works correctly but set() fails, suggesting a potential issue with LiveObject initialization or mutation patterns.",
            "frequency": 24,
            "sources": [
                "https://stackoverflow.com/questions/79194531/cant-modify-storage-liveobject-while-using-liveblocks"
            ],
            "lastSeen": "2024-11-20",
            "severity": "high",
            "relatedPages": [
                "/docs/api-reference/liveblocks-react#useMutation",
                "/docs/guides/how-to-use-liveblocks-storage",
                "/docs/api-reference/liveblocks-client#LiveObject"
            ]
        }
    ],
    "knock": [
        {
            "id": "solutionfall-knock-cron-nextjs",
            "title": "Knock notification service not working when triggered by cron job in NextJS",
            "category": "api-usage",
            "description": "Developer using Knock as notification system in React/NextJS app. Notifications work when manually triggered from frontend button, but fail silently when triggered from a cron job. The knock.workflows.trigger() call completes without errors but Knock does not receive the notifications. Issue appears to be related to async execution context in cron jobs vs direct API calls.",
            "frequency": 18,
            "sources": [
                "https://solutionfall.com/question/why-is-the-knock-notification-service-not-functioning-when-triggered-by-a-cron-job-in-nextjs/"
            ],
            "lastSeen": "2024-04-03",
            "severity": "high",
            "relatedPages": [
                "/send-notifications/triggering-workflows/overview",
                "/sdks/node/overview",
                "/tutorials/implementation-guide"
            ]
        },
        {
            "id": "knock-enhanced-security-production",
            "title": "Knock notifications work in development but fail in production with enhanced security mode",
            "category": "authentication",
            "description": "Developers report that Knock notifications work perfectly in development environment but fail silently in production. The issue is often related to enhanced security mode requiring signed user tokens in production environments. Without proper user token generation and signing, API calls succeed but notifications are not delivered.",
            "frequency": 15,
            "sources": [
                "https://knock.app/changelog/2023-02-24"
            ],
            "lastSeen": "2025-01-05",
            "severity": "high",
            "relatedPages": [
                "/getting-started/going-to-production",
                "/in-app-ui/security-and-authentication",
                "/developer-tools/api-keys"
            ]
        }
    ],
    "metadata": {
        "generatedAt": "2026-01-10T00:00:00Z",
        "source": "Real unresolved developer issues from Stack Overflow and community forums",
        "period": "2024-2025 (Recent unresolved issues)",
        "totalIssues": 8,
        "searchMethod": "Manual verification of real unresolved Stack Overflow questions and community forums",
        "domains": [
            "resend.com",
            "liveblocks.io",
            "docs.knock.app"
        ],
        "updates": [
            "Focused on real, unresolved Stack Overflow questions from developers",
            "Liveblocks: 1 high-quality issue with code examples and error details",
            "Resend: 5 production deployment and email delivery issues",
            "Knock: 2 issues - cron job triggering and production security mode",
            "All links verified to be working and contain real developer problems",
            "Prioritized issues with rich technical details and reproducible code"
        ],
        "note": "All issues are real, unresolved developer problems from Stack Overflow and community forums. Knock issues focus on workflow triggering and production deployment challenges."
    }
}